dataset	n_clusters	eigen_solver	affinity	assign_labels	nmi
zelnik3	2		rbf	kmeans	0.4369415609862255
fourty	2		rbf	kmeans	0.31635918187956436
lsun	2		rbf	kmeans	0.40685973624243604
diamond9	2		rbf	kmeans	0.35905841521232185
ds850	2		rbf	kmeans	0.4426866794906297
elly-2d10c13s	2		rbf	kmeans	0.3053925065144588
pathbased	2		rbf	kmeans	0.490625116899632
R15	2		rbf	kmeans	0.1658866689866587
spherical_6_2	2		rbf	kmeans	0.524252422345723
shapes	2		rbf	kmeans	0.6666666666666666
2dnormals	2		rbf	kmeans	0.6003671099202146
dpc	2		rbf	kmeans	0.4539513553775814
twodiamonds	2		rbf	kmeans	1.0
ds2c2sc13	2		rbf	kmeans	0.43076444504029565
donut3	2		rbf	kmeans	0.5158050056653266
simplex	2		rbf	kmeans	0.5771596324111234
2d-20c-no0	2		rbf	kmeans	0.20264001782999888
disk-5000n	2		rbf	kmeans	0.0001691086620832741
DS-577	2		rbf	kmeans	0.6146932963005345
zoo	2		rbf	kmeans	0.30115708444193284
square3	2		rbf	kmeans	0.5600419546332777
sonar	2		rbf	kmeans	0.008135369308613891
donut1	2		rbf	kmeans	0.25792628716329036
disk-4600n	2		rbf	kmeans	5.794679380860089e-05
sizes5	2		rbf	kmeans	0.4892937256762531
thy	2		rbf	kmeans	0.04253729935582452
cure-t1-2000n-2D	2		rbf	kmeans	0.4249846437668466
blobs	2		rbf	kmeans	0.6322576853265565
dense-disk-5000	2		rbf	kmeans	0.00037925139426727724
heart-statlog	2		rbf	kmeans	0.008468039149283308
dense-disk-3000	2		rbf	kmeans	0.002633047394105857
ds3c3sc6	2		rbf	kmeans	0.4282219167403672
donut2	2		rbf	kmeans	0.004228132957313139
dartboard1	2		rbf	kmeans	8.542470676839779e-16
smile1	2		rbf	kmeans	0.4751193536045724
2d-10c	2		rbf	kmeans	0.4226235304583029
impossible	2		rbf	kmeans	0.45913676857981883
aml28	2		rbf	kmeans	0.005017235785750225
zelnik2	2		rbf	kmeans	0.5035596810686214
banana	2		rbf	kmeans	0.346917765122148
compound	2		rbf	kmeans	0.5877049818119607
zelnik6	2		rbf	kmeans	0.5979727711023262
sizes3	2		rbf	kmeans	0.5100121000865765
spiral	2		rbf	kmeans	0.06864017084884316
sizes2	2		rbf	kmeans	0.4969432877666085
iris	2		rbf	kmeans	0.7336804366512104
hypercube	2		rbf	kmeans	0.5000000000000008
engytime	2		rbf	kmeans	0.7763540666476637
circle	2		rbf	kmeans	0.00040610831864702003
longsquare	2		rbf	kmeans	0.5242826536159872
zelnik1	2		rbf	kmeans	0.12186112054419279
iono	2		rbf	kmeans	0.0866398926818464
square5	2		rbf	kmeans	0.43863245922076954
curves1	2		rbf	kmeans	1.0
3-spiral	2		rbf	kmeans	0.7287351469233798
DS-850	2		rbf	kmeans	0.4426866794906297
rings	2		rbf	kmeans	0.2654874321746692
cure-t2-4k	2		rbf	kmeans	0.33002940023123645
2d-4c-no4	2		rbf	kmeans	0.37060283363467705
disk-1000n	2		rbf	kmeans	0.005722239668479751
complex9	2		rbf	kmeans	0.0007569989344368261
ecoli	2		rbf	kmeans	0.4448507927983877
target	2		rbf	kmeans	0.06305719240727974
3MC	2		rbf	kmeans	0.7226021130478626
xor	2		rbf	kmeans	0.002717188445573061
xclara	2		rbf	kmeans	0.0006988119783836311
cure-t0-2000n-2D	2		rbf	kmeans	0.8358485498884641
dartboard2	2		rbf	kmeans	0.17741668776511776
spherical_5_2	2		rbf	kmeans	0.459775733644998
ds577	2		rbf	kmeans	0.6146932963005345
elliptical_10_2	2		rbf	kmeans	0.41943317446552025
wingnut	2		rbf	kmeans	0.6456421568898156
triangle2	2		rbf	kmeans	0.5621688577484031
smile2	2		rbf	kmeans	0.4878554623329127
disk-4000n	2		rbf	kmeans	0.007029554683149733
jain	2		rbf	kmeans	1.0
2d-4c	2		rbf	kmeans	0.4709884498653947
long1	2		rbf	kmeans	0.0015185138611666042
sizes4	2		rbf	kmeans	0.4894437784870827
curves2	2		rbf	kmeans	2.885407708148147e-06
square4	2		rbf	kmeans	0.42485427680716065
chainlink	2		rbf	kmeans	0.11389913154334949
ds4c2sc8	2		rbf	kmeans	0.35236441338858965
spiralsquare	2		rbf	kmeans	0.5793843946997629
gaussians1	2		rbf	kmeans	1.0
smile3	2		rbf	kmeans	0.3731081035833208
dpb	2		rbf	kmeans	0.4063156433743298
complex8	2		rbf	kmeans	0.001283554058217548
haberman	2		rbf	kmeans	0.014530996406328649
pmf	2		rbf	kmeans	0.005204043339930749
atom	2		rbf	kmeans	0.0024680570151263234
zelnik5	2		rbf	kmeans	0.6669921540718916
long2	2		rbf	kmeans	0.0020909913549653127
2d-4c-no9	2		rbf	kmeans	0.6738715071286832
cassini	2		rbf	kmeans	0.6373071774329672
hepta	2		rbf	kmeans	0.3464810690877856
triangle1	2		rbf	kmeans	0.5771596324111227
tae	2		rbf	kmeans	0.013178482860740246
balance-scale	2		rbf	kmeans	0.018269880515537105
twenty	2		rbf	kmeans	0.3668894193285847
threenorm	2		rbf	kmeans	0.2432487580969835
square2	2		rbf	kmeans	0.5861561231190088
flame	2		rbf	kmeans	0.024231427069919723
disk-3000n	2		rbf	kmeans	0.00023042821841509127
d31	2		rbf	kmeans	0.0796902801312647
aggregation	2		rbf	kmeans	0.22880437642704649
zelnik4	2		rbf	kmeans	0.5584168701319866
2sp2glob	2		rbf	kmeans	0.6666666666666666
glass	2		rbf	kmeans	0.03444206861111053
square1	2		rbf	kmeans	0.6170127142223464
2d-3c-no123	2		rbf	kmeans	0.5973721356877724
disk-4500n	2		rbf	kmeans	0.00024434096229355187
sizes1	2		rbf	kmeans	0.6175121373825663
long3	2		rbf	kmeans	0.002222681437799253
cuboids	2		rbf	kmeans	0.388585443663761
donutcurves	2		rbf	kmeans	0.6666666666666666
st900	2		rbf	kmeans	0.3918524030423004
tetra	2		rbf	kmeans	0.5362834378153591
zelnik3	3		rbf	kmeans	0.5832479267166902
spherical_4_3	3		rbf	kmeans	0.8571428571428577
fourty	3		rbf	kmeans	0.39704948014412306
lsun	3		rbf	kmeans	0.8132066535741412
diamond9	3		rbf	kmeans	0.5453805502817253
ds850	3		rbf	kmeans	0.6728716586791496
elly-2d10c13s	3		rbf	kmeans	0.33424317354208016
pathbased	3		rbf	kmeans	0.7663477204293248
R15	3		rbf	kmeans	0.3038347452422439
spherical_6_2	3		rbf	kmeans	0.7216162598446753
shapes	3		rbf	kmeans	0.8571428571428571
2dnormals	3		rbf	kmeans	0.36507789548482
dpc	3		rbf	kmeans	0.7511294026788059
twodiamonds	3		rbf	kmeans	0.5246708009600266
ds2c2sc13	3		rbf	kmeans	0.614167914634993
donut3	3		rbf	kmeans	0.5737497881612813
simplex	3		rbf	kmeans	0.8571428571428569
2d-20c-no0	3		rbf	kmeans	0.30112454097604674
disk-5000n	3		rbf	kmeans	0.00032445361733667065
DS-577	3		rbf	kmeans	0.9276611069986904
zoo	3		rbf	kmeans	0.584797149539424
square3	3		rbf	kmeans	0.7124539450219531
sonar	3		rbf	kmeans	0.027833588441487086
donut1	3		rbf	kmeans	0.39532383044705016
disk-4600n	3		rbf	kmeans	0.000938242763185452
sizes5	3		rbf	kmeans	0.773951615787856
thy	3		rbf	kmeans	0.042225870821122787
cure-t1-2000n-2D	3		rbf	kmeans	0.7396733397943063
blobs	3		rbf	kmeans	0.8615302914037273
dense-disk-5000	3		rbf	kmeans	0.0009341770375219166
heart-statlog	3		rbf	kmeans	0.008468039149283308
dense-disk-3000	3		rbf	kmeans	0.004237202074945646
ds3c3sc6	3		rbf	kmeans	0.4664187997983958
donut2	3		rbf	kmeans	0.018345028806745812
dartboard1	3		rbf	kmeans	0.0
smile1	3		rbf	kmeans	0.663364599287905
2d-10c	3		rbf	kmeans	0.0011597091391420344
impossible	3		rbf	kmeans	0.7115084601324465
aml28	3		rbf	kmeans	0.007405548213041463
zelnik2	3		rbf	kmeans	0.544493612137138
banana	3		rbf	kmeans	0.2729327557126276
compound	3		rbf	kmeans	0.806069222511028
zelnik6	3		rbf	kmeans	0.65426443536174
sizes3	3		rbf	kmeans	0.5127543875547488
spiral	3		rbf	kmeans	0.033495901337916745
sizes2	3		rbf	kmeans	0.7637517028826399
iris	3		rbf	kmeans	0.7979885217013319
hypercube	3		rbf	kmeans	0.6721159359603462
engytime	3		rbf	kmeans	0.626935614415625
circle	3		rbf	kmeans	0.002216566320503458
longsquare	3		rbf	kmeans	0.6525036700875324
zelnik1	3		rbf	kmeans	0.16326719498512274
iono	3		rbf	kmeans	0.09542091161122708
square5	3		rbf	kmeans	0.5646955480609421
curves1	3		rbf	kmeans	0.8
3-spiral	3		rbf	kmeans	1.0
DS-850	3		rbf	kmeans	0.6728716586791496
rings	3		rbf	kmeans	0.46581488817118766
cure-t2-4k	3		rbf	kmeans	0.6822549044930712
2d-4c-no4	3		rbf	kmeans	0.6720121162994933
disk-1000n	3		rbf	kmeans	0.037949819112850315
complex9	3		rbf	kmeans	0.0011744783971492018
ecoli	3		rbf	kmeans	0.6349861758427541
target	3		rbf	kmeans	0.12222541297646781
3MC	3		rbf	kmeans	1.0
xor	3		rbf	kmeans	0.11960367820887052
xclara	3		rbf	kmeans	0.002164843564730923
cure-t0-2000n-2D	3		rbf	kmeans	0.537502608784936
dartboard2	3		rbf	kmeans	0.2789232698921116
spherical_5_2	3		rbf	kmeans	0.6810376907381016
ds577	3		rbf	kmeans	0.9276611069986904
elliptical_10_2	3		rbf	kmeans	0.6181137054963773
wingnut	3		rbf	kmeans	0.6582920194710732
triangle2	3		rbf	kmeans	0.7703598383685281
smile2	3		rbf	kmeans	0.605925891343951
disk-4000n	3		rbf	kmeans	0.001717838270195861
jain	3		rbf	kmeans	0.8834824021820442
2d-4c	3		rbf	kmeans	0.8705450116870191
long1	3		rbf	kmeans	0.09725598134787825
sizes4	3		rbf	kmeans	0.7446992229844381
curves2	3		rbf	kmeans	0.538278279116556
square4	3		rbf	kmeans	0.644484142111448
chainlink	3		rbf	kmeans	0.21182199372306135
ds4c2sc8	3		rbf	kmeans	0.5204470737013621
spiralsquare	3		rbf	kmeans	0.7048226120438509
gaussians1	3		rbf	kmeans	0.6177634978045635
smile3	3		rbf	kmeans	0.46241003164156935
dpb	3		rbf	kmeans	0.7272145717196534
complex8	3		rbf	kmeans	0.001283554058217548
haberman	3		rbf	kmeans	0.014530996406328649
pmf	3		rbf	kmeans	0.014162889079018397
atom	3		rbf	kmeans	0.004873972577636894
zelnik5	3		rbf	kmeans	0.5825146492724171
long2	3		rbf	kmeans	0.03674332115209176
2d-4c-no9	3		rbf	kmeans	0.9008116701116232
cassini	3		rbf	kmeans	0.5555327816317571
hepta	3		rbf	kmeans	0.5785760167665488
triangle1	3		rbf	kmeans	0.8571428571428571
tae	3		rbf	kmeans	0.036790826698239715
balance-scale	3		rbf	kmeans	0.08981858074672724
twenty	3		rbf	kmeans	0.5301563948668955
threenorm	3		rbf	kmeans	0.4526718995961096
square2	3		rbf	kmeans	0.7659742341537998
flame	3		rbf	kmeans	0.8727789354398264
disk-3000n	3		rbf	kmeans	0.00201097282749083
d31	3		rbf	kmeans	0.37886051774389723
zelnik4	3		rbf	kmeans	0.8433531345569784
2sp2glob	3		rbf	kmeans	0.8571428571428571
glass	3		rbf	kmeans	0.2505735294748381
square1	3		rbf	kmeans	0.785775216032265
2d-3c-no123	3		rbf	kmeans	0.635843644012478
disk-4500n	3		rbf	kmeans	0.0001561665613625619
sizes1	3		rbf	kmeans	0.773605507159944
long3	3		rbf	kmeans	0.0032239195372559923
cuboids	3		rbf	kmeans	0.7987938725955551
donutcurves	3		rbf	kmeans	0.5015968875987752
st900	3		rbf	kmeans	0.5077557059563271
tetra	3		rbf	kmeans	0.8352369878190502
zelnik3	4		rbf	kmeans	0.6144256814934207
spherical_4_3	4		rbf	kmeans	1.0
fourty	4		rbf	kmeans	0.5140441491986442
lsun	4		rbf	kmeans	0.7132299744737708
diamond9	4		rbf	kmeans	0.5784139534625504
ds850	4		rbf	kmeans	0.8494328511136433
elly-2d10c13s	4		rbf	kmeans	0.43328797728087
pathbased	4		rbf	kmeans	0.7226486769573146
R15	4		rbf	kmeans	0.4201214138532978
spherical_6_2	4		rbf	kmeans	0.8519590445170669
shapes	4		rbf	kmeans	1.0
2dnormals	4		rbf	kmeans	0.27894582981334304
dpc	4		rbf	kmeans	0.7459901695216847
twodiamonds	4		rbf	kmeans	0.4944868049944912
ds2c2sc13	4		rbf	kmeans	0.6718206418491081
donut3	4		rbf	kmeans	0.6350870701620326
simplex	4		rbf	kmeans	1.0
2d-20c-no0	4		rbf	kmeans	0.54443701915254
disk-5000n	4		rbf	kmeans	0.0024975542995497053
DS-577	4		rbf	kmeans	0.8004196832966769
zoo	4		rbf	kmeans	0.7370227609011375
square3	4		rbf	kmeans	0.8242989583646132
sonar	4		rbf	kmeans	0.030023367333464567
donut1	4		rbf	kmeans	0.7162096675377355
disk-4600n	4		rbf	kmeans	0.0016311049531037346
sizes5	4		rbf	kmeans	0.9358701413827176
thy	4		rbf	kmeans	0.042225870821122787
cure-t1-2000n-2D	4		rbf	kmeans	0.856908220258896
blobs	4		rbf	kmeans	0.7276150350159758
dense-disk-5000	4		rbf	kmeans	0.10012093880062999
heart-statlog	4		rbf	kmeans	0.0140818130849061
dense-disk-3000	4		rbf	kmeans	0.20119308859206084
ds3c3sc6	4		rbf	kmeans	0.49218328713376247
donut2	4		rbf	kmeans	0.01768462892839058
dartboard1	4		rbf	kmeans	6.928730209127871e-05
smile1	4		rbf	kmeans	0.6116039951087751
2d-10c	4		rbf	kmeans	0.5166565188999824
impossible	4		rbf	kmeans	0.824878205841918
aml28	4		rbf	kmeans	0.19063500899732172
zelnik2	4		rbf	kmeans	0.5412715523587058
banana	4		rbf	kmeans	0.3078391840400581
compound	4		rbf	kmeans	0.8594445092749334
zelnik6	4		rbf	kmeans	0.7056107210600061
sizes3	4		rbf	kmeans	0.772002503900095
spiral	4		rbf	kmeans	0.021306656109785625
sizes2	4		rbf	kmeans	0.9354848337262666
iris	4		rbf	kmeans	0.6833774894922726
hypercube	4		rbf	kmeans	0.8000000000000007
engytime	4		rbf	kmeans	0.16719833305563708
circle	4		rbf	kmeans	0.01914963201160873
longsquare	4		rbf	kmeans	0.8477080130514216
zelnik1	4		rbf	kmeans	0.6209952952825788
iono	4		rbf	kmeans	0.09408725548957696
square5	4		rbf	kmeans	0.6399913695547652
curves1	4		rbf	kmeans	0.6666666666666666
3-spiral	4		rbf	kmeans	0.9095789586844116
DS-850	4		rbf	kmeans	0.8494328511136434
rings	4		rbf	kmeans	0.46208019786900734
cure-t2-4k	4		rbf	kmeans	0.8063702605654184
2d-4c-no4	4		rbf	kmeans	0.6665890621580272
disk-1000n	4		rbf	kmeans	0.04224929436508877
complex9	4		rbf	kmeans	0.0021072513323438413
ecoli	4		rbf	kmeans	0.6295861849126299
target	4		rbf	kmeans	0.17785351468926033
3MC	4		rbf	kmeans	0.8834284430208599
xor	4		rbf	kmeans	0.26589444038272697
xclara	4		rbf	kmeans	0.0021639352518203273
cure-t0-2000n-2D	4		rbf	kmeans	0.4976787503871474
dartboard2	4		rbf	kmeans	0.5273608348913557
spherical_5_2	4		rbf	kmeans	0.813030024746253
ds577	4		rbf	kmeans	0.8004196832966769
elliptical_10_2	4		rbf	kmeans	0.7146433155337969
wingnut	4		rbf	kmeans	0.4976701542921426
triangle2	4		rbf	kmeans	0.9829260922398277
smile2	4		rbf	kmeans	0.5180168007315593
disk-4000n	4		rbf	kmeans	0.0321660614897873
jain	4		rbf	kmeans	0.6335068548288336
2d-4c	4		rbf	kmeans	0.7340321807195718
long1	4		rbf	kmeans	0.5876558779459946
sizes4	4		rbf	kmeans	0.9317180088678966
curves2	4		rbf	kmeans	0.3522820786595457
square4	4		rbf	kmeans	0.7373822540940729
chainlink	4		rbf	kmeans	0.2923080516640724
ds4c2sc8	4		rbf	kmeans	0.5558220577900977
spiralsquare	4		rbf	kmeans	0.7651492366197843
gaussians1	4		rbf	kmeans	0.635838132118769
smile3	4		rbf	kmeans	0.39521129164064356
dpb	4		rbf	kmeans	0.711893524410375
complex8	4		rbf	kmeans	0.001283554058217548
haberman	4		rbf	kmeans	0.01722150470744471
pmf	4		rbf	kmeans	0.014162889079018397
atom	4		rbf	kmeans	0.009531872662379587
zelnik5	4		rbf	kmeans	0.6675334669279686
long2	4		rbf	kmeans	0.5919384679734618
2d-4c-no9	4		rbf	kmeans	0.9525372244317291
cassini	4		rbf	kmeans	0.5292975953092025
hepta	4		rbf	kmeans	0.74220817973076
triangle1	4		rbf	kmeans	0.17273495015808948
tae	4		rbf	kmeans	0.013178482860740246
balance-scale	4		rbf	kmeans	0.05265169518398839
twenty	4		rbf	kmeans	0.6237650828298603
threenorm	4		rbf	kmeans	0.3157417305186092
square2	4		rbf	kmeans	0.8971158916543501
flame	4		rbf	kmeans	0.7244923074914935
disk-3000n	4		rbf	kmeans	0.1905495352486598
d31	4		rbf	kmeans	0.496695235183093
aggregation	4		rbf	kmeans	0.8358524361747062
zelnik4	4		rbf	kmeans	1.0
2sp2glob	4		rbf	kmeans	0.7671602946502586
glass	4		rbf	kmeans	0.06606863248321442
square1	4		rbf	kmeans	0.9258996898730143
2d-3c-no123	4		rbf	kmeans	0.7291899899234559
disk-4500n	4		rbf	kmeans	0.014627335231451847
sizes1	4		rbf	kmeans	0.9229835114169069
long3	4		rbf	kmeans	0.5162736268428906
cuboids	4		rbf	kmeans	0.7853315424491352
donutcurves	4		rbf	kmeans	0.5022253983021983
st900	4		rbf	kmeans	0.5405607523244024
tetra	4		rbf	kmeans	1.0
zelnik3	5		rbf	kmeans	0.7179475380738174
spherical_4_3	5		rbf	kmeans	0.9477948159005511
fourty	5		rbf	kmeans	0.5771767363915293
lsun	5		rbf	kmeans	0.7867993284718385
diamond9	5		rbf	kmeans	0.7153820338169957
ds850	5		rbf	kmeans	0.9380888894383064
elly-2d10c13s	5		rbf	kmeans	0.39152732495772213
pathbased	5		rbf	kmeans	0.7351504272201873
R15	5		rbf	kmeans	0.5192379038385506
spherical_6_2	5		rbf	kmeans	0.9310809437291899
shapes	5		rbf	kmeans	0.9413017927214449
2dnormals	5		rbf	kmeans	0.3513156235470344
dpc	5		rbf	kmeans	0.9093699647246026
twodiamonds	5		rbf	kmeans	0.4732569584244575
ds2c2sc13	5		rbf	kmeans	0.7091954536155767
donut3	5		rbf	kmeans	0.6498136656567641
simplex	5		rbf	kmeans	0.9411790265389139
2d-20c-no0	5		rbf	kmeans	0.610619474906802
disk-5000n	5		rbf	kmeans	0.022608891137917125
DS-577	5		rbf	kmeans	0.777099295236669
zoo	5		rbf	kmeans	0.7805100277464013
square3	5		rbf	kmeans	0.7841736302553152
sonar	5		rbf	kmeans	0.05985477665983891
donut1	5		rbf	kmeans	0.6666666666666672
disk-4600n	5		rbf	kmeans	0.0023375846499140325
sizes5	5		rbf	kmeans	0.7922799843848516
thy	5		rbf	kmeans	0.042225870821122787
cure-t1-2000n-2D	5		rbf	kmeans	0.7822304258701275
blobs	5		rbf	kmeans	0.6155102339353276
dense-disk-5000	5		rbf	kmeans	0.07882138804041539
heart-statlog	5		rbf	kmeans	0.021563275543834123
dense-disk-3000	5		rbf	kmeans	0.2788236535931082
ds3c3sc6	5		rbf	kmeans	0.49759198964073376
donut2	5		rbf	kmeans	0.017265845318551163
dartboard1	5		rbf	kmeans	0.06733036193431739
smile1	5		rbf	kmeans	0.6542206560822174
2d-10c	5		rbf	kmeans	0.6240820029865495
impossible	5		rbf	kmeans	0.8023945966376292
aml28	5		rbf	kmeans	0.18935638006073854
zelnik2	5		rbf	kmeans	0.5693891018366563
banana	5		rbf	kmeans	0.41430001327649185
compound	5		rbf	kmeans	0.7921140178209396
zelnik6	5		rbf	kmeans	0.6999093590413645
sizes3	5		rbf	kmeans	0.949369783231129
spiral	5		rbf	kmeans	0.0095722646562762
sizes2	5		rbf	kmeans	0.9282012517112828
iris	5		rbf	kmeans	0.7159433435733484
hypercube	5		rbf	kmeans	0.8571428571428577
engytime	5		rbf	kmeans	0.6424201737777362
circle	5		rbf	kmeans	0.21304131660311124
longsquare	5		rbf	kmeans	0.9318167941852896
zelnik1	5		rbf	kmeans	0.5933804297025536
iono	5		rbf	kmeans	0.29031542397489746
square5	5		rbf	kmeans	0.5737262959237104
curves1	5		rbf	kmeans	0.6106097728683355
3-spiral	5		rbf	kmeans	0.8325369036537793
DS-850	5		rbf	kmeans	0.9380888894383062
rings	5		rbf	kmeans	0.42105432196921705
cure-t2-4k	5		rbf	kmeans	0.7670008212049115
2d-4c-no4	5		rbf	kmeans	0.9814062488151244
disk-1000n	5		rbf	kmeans	0.1477990168853726
complex9	5		rbf	kmeans	0.0025214803006416444
ecoli	5		rbf	kmeans	0.6116805598529755
target	5		rbf	kmeans	0.2302498363747486
3MC	5		rbf	kmeans	0.8218877560417895
xor	5		rbf	kmeans	0.3019802198209484
xclara	5		rbf	kmeans	0.002851197621759929
cure-t0-2000n-2D	5		rbf	kmeans	0.5945551689475393
dartboard2	5		rbf	kmeans	0.5000028854375111
spherical_5_2	5		rbf	kmeans	0.8595681311529494
ds577	5		rbf	kmeans	0.777099295236669
elliptical_10_2	5		rbf	kmeans	0.7905930914155287
wingnut	5		rbf	kmeans	0.40984182661035484
triangle2	5		rbf	kmeans	0.9695930243472897
smile2	5		rbf	kmeans	0.5528399447227692
disk-4000n	5		rbf	kmeans	0.060092920814409145
jain	5		rbf	kmeans	0.7748019965386712
2d-4c	5		rbf	kmeans	0.7326323598653612
long1	5		rbf	kmeans	0.6158272774191892
sizes4	5		rbf	kmeans	0.9015955422104514
curves2	5		rbf	kmeans	0.4941570066083199
square4	5		rbf	kmeans	0.6312721776798034
chainlink	5		rbf	kmeans	0.37615804870659075
ds4c2sc8	5		rbf	kmeans	0.6666498731937227
spiralsquare	5		rbf	kmeans	0.8181507733403217
gaussians1	5		rbf	kmeans	0.6133769588699195
smile3	5		rbf	kmeans	0.43029088392247583
dpb	5		rbf	kmeans	0.8651873002709886
complex8	5		rbf	kmeans	0.001283554058217548
haberman	5		rbf	kmeans	0.01722150470744471
pmf	5		rbf	kmeans	0.014162889079018397
atom	5		rbf	kmeans	0.01398909870153861
zelnik5	5		rbf	kmeans	0.6120841527237783
long2	5		rbf	kmeans	0.5741242328535557
2d-4c-no9	5		rbf	kmeans	0.9052076780878306
cassini	5		rbf	kmeans	0.7395683748440546
hepta	5		rbf	kmeans	0.8604425597955531
triangle1	5		rbf	kmeans	0.8354211096232201
tae	5		rbf	kmeans	0.047297043507178255
balance-scale	5		rbf	kmeans	0.21150575533093247
twenty	5		rbf	kmeans	0.6869211886078567
threenorm	5		rbf	kmeans	0.3085442133644835
square2	5		rbf	kmeans	0.8386012999592399
flame	5		rbf	kmeans	0.6157875514134494
disk-3000n	5		rbf	kmeans	0.42966895418129597
d31	5		rbf	kmeans	0.5960787014035839
aggregation	5		rbf	kmeans	0.8894055132776748
zelnik4	5		rbf	kmeans	0.9440847644194464
2sp2glob	5		rbf	kmeans	0.7092424385534978
glass	5		rbf	kmeans	0.16661709361390958
square1	5		rbf	kmeans	0.7390184401057072
2d-3c-no123	5		rbf	kmeans	0.628697154194953
disk-4500n	5		rbf	kmeans	0.07103682912539053
sizes1	5		rbf	kmeans	0.8830290634984638
long3	5		rbf	kmeans	0.49204284779477875
cuboids	5		rbf	kmeans	0.7638682321059638
donutcurves	5		rbf	kmeans	0.539025065044197
st900	5		rbf	kmeans	0.675712682622177
tetra	5		rbf	kmeans	0.7684636058090637
zelnik3	6		rbf	kmeans	0.6358169344877744
spherical_4_3	6		rbf	kmeans	0.9150451862487897
fourty	6		rbf	kmeans	0.6009743185438683
lsun	6		rbf	kmeans	0.7213473302687936
diamond9	6		rbf	kmeans	0.8308200482661643
ds850	6		rbf	kmeans	0.9045775081207115
elly-2d10c13s	6		rbf	kmeans	0.4780400092225216
pathbased	6		rbf	kmeans	0.7155312192016806
R15	6		rbf	kmeans	0.6044732144789674
spherical_6_2	6		rbf	kmeans	1.0
shapes	6		rbf	kmeans	0.8900122579171246
2dnormals	6		rbf	kmeans	0.3357252646085019
dpc	6		rbf	kmeans	0.8603172045806617
twodiamonds	6		rbf	kmeans	0.5571532115787771
ds2c2sc13	6		rbf	kmeans	0.6878223756035241
donut3	6		rbf	kmeans	0.6963947552769477
simplex	6		rbf	kmeans	0.8616022884262508
2d-20c-no0	6		rbf	kmeans	0.6665926917438783
disk-5000n	6		rbf	kmeans	0.38952672193689764
DS-577	6		rbf	kmeans	0.7393397980976074
zoo	6		rbf	kmeans	0.7414868668456797
square3	6		rbf	kmeans	0.7456848358698753
sonar	6		rbf	kmeans	0.04307092662182836
donut1	6		rbf	kmeans	0.6327269987942751
disk-4600n	6		rbf	kmeans	0.009812746502973702
sizes5	6		rbf	kmeans	0.7671973904560473
thy	6		rbf	kmeans	0.042225870821122787
cure-t1-2000n-2D	6		rbf	kmeans	0.7787180740481613
blobs	6		rbf	kmeans	0.6084514949357447
dense-disk-5000	6		rbf	kmeans	0.28219072497279135
heart-statlog	6		rbf	kmeans	0.01642122672234839
dense-disk-3000	6		rbf	kmeans	0.19991157743609556
ds3c3sc6	6		rbf	kmeans	0.5064094595610211
donut2	6		rbf	kmeans	0.020510669432628803
dartboard1	6		rbf	kmeans	0.48067771201575354
smile1	6		rbf	kmeans	0.8154586645704454
2d-10c	6		rbf	kmeans	0.849954561290708
impossible	6		rbf	kmeans	0.7440921892324102
aml28	6		rbf	kmeans	0.5262019463424915
zelnik2	6		rbf	kmeans	0.5905075222369354
banana	6		rbf	kmeans	0.42611856041617746
compound	6		rbf	kmeans	0.7673707979982818
zelnik6	6		rbf	kmeans	0.6491962405006276
sizes3	6		rbf	kmeans	0.9043434018736236
spiral	6		rbf	kmeans	0.02195952349807397
sizes2	6		rbf	kmeans	0.8973108231746224
iris	6		rbf	kmeans	0.6555295408263748
hypercube	6		rbf	kmeans	0.9090909090909094
engytime	6		rbf	kmeans	0.2731097856541745
circle	6		rbf	kmeans	0.27580843272085515
longsquare	6		rbf	kmeans	0.9962786397056882
zelnik1	6		rbf	kmeans	0.57368096262437
iono	6		rbf	kmeans	0.2717047276355191
square5	6		rbf	kmeans	0.5331743953066379
curves1	6		rbf	kmeans	0.5643048229052975
3-spiral	6		rbf	kmeans	0.7699840332494062
DS-850	6		rbf	kmeans	0.9045775081207114
rings	6		rbf	kmeans	0.44572256668941673
cure-t2-4k	6		rbf	kmeans	0.7623542035080053
2d-4c-no4	6		rbf	kmeans	0.6442993325389612
disk-1000n	6		rbf	kmeans	0.3738031844585804
complex9	6		rbf	kmeans	0.00345072849342032
ecoli	6		rbf	kmeans	0.6260372744133552
target	6		rbf	kmeans	0.37847762067270957
3MC	6		rbf	kmeans	0.7657329952869069
xor	6		rbf	kmeans	0.4057503768029655
xclara	6		rbf	kmeans	0.003535167159697998
cure-t0-2000n-2D	6		rbf	kmeans	0.5476413947125532
dartboard2	6		rbf	kmeans	0.4806711756813953
spherical_5_2	6		rbf	kmeans	0.8741423108730932
ds577	6		rbf	kmeans	0.7393397980976077
elliptical_10_2	6		rbf	kmeans	0.8483618444649639
wingnut	6		rbf	kmeans	0.25834804236358117
triangle2	6		rbf	kmeans	0.7223040861820244
smile2	6		rbf	kmeans	0.7456908182163807
disk-4000n	6		rbf	kmeans	0.4304846158462702
jain	6		rbf	kmeans	0.5756115391519306
2d-4c	6		rbf	kmeans	0.826157250218211
long1	6		rbf	kmeans	0.553776326116234
sizes4	6		rbf	kmeans	0.8812090724964475
curves2	6		rbf	kmeans	0.49295306827156743
square4	6		rbf	kmeans	0.6201463766372204
chainlink	6		rbf	kmeans	0.3739850116918863
ds4c2sc8	6		rbf	kmeans	0.6656314587048522
spiralsquare	6		rbf	kmeans	0.7173512462413398
gaussians1	6		rbf	kmeans	0.5998461492602553
smile3	6		rbf	kmeans	0.5169495461092057
dpb	6		rbf	kmeans	0.819499236248504
complex8	6		rbf	kmeans	0.001283554058217548
haberman	6		rbf	kmeans	0.01722150470744471
pmf	6		rbf	kmeans	0.014162889079018397
atom	6		rbf	kmeans	0.01612839564953538
zelnik5	6		rbf	kmeans	0.7626774660229201
long2	6		rbf	kmeans	0.5482531664465421
2d-4c-no9	6		rbf	kmeans	0.8542487006095472
cassini	6		rbf	kmeans	0.6918684229023638
hepta	6		rbf	kmeans	0.945086666842351
triangle1	6		rbf	kmeans	0.2455971558303007
tae	6		rbf	kmeans	0.047297043507178255
balance-scale	6		rbf	kmeans	0.17284700792628693
twenty	6		rbf	kmeans	0.7065695501768664
threenorm	6		rbf	kmeans	0.2745633819419319
square2	6		rbf	kmeans	0.7910754935343332
flame	6		rbf	kmeans	0.5642747253039391
disk-3000n	6		rbf	kmeans	0.4148019662733822
d31	6		rbf	kmeans	0.6239793201315134
aggregation	6		rbf	kmeans	0.9504485207389782
zelnik4	6		rbf	kmeans	0.8798796009424736
2sp2glob	6		rbf	kmeans	0.6830455523968418
glass	6		rbf	kmeans	0.17085647136270923
square1	6		rbf	kmeans	0.6986370898486989
2d-3c-no123	6		rbf	kmeans	0.6521707846155697
disk-4500n	6		rbf	kmeans	0.4727761153334203
sizes1	6		rbf	kmeans	0.8523627726265022
long3	6		rbf	kmeans	0.4903553610534654
cuboids	6		rbf	kmeans	0.7409686727062433
donutcurves	6		rbf	kmeans	0.5389115097580144
st900	6		rbf	kmeans	0.7258722426893945
tetra	6		rbf	kmeans	0.7407437914567614
zelnik3	7		rbf	kmeans	0.6462432775326035
spherical_4_3	7		rbf	kmeans	0.868642598446344
fourty	7		rbf	kmeans	0.6444692536869173
lsun	7		rbf	kmeans	0.7185526239855603
diamond9	7		rbf	kmeans	0.8853461893003005
ds850	7		rbf	kmeans	0.8753501445038581
elly-2d10c13s	7		rbf	kmeans	0.5018455697035077
pathbased	7		rbf	kmeans	0.6982709589046685
R15	7		rbf	kmeans	0.6782796145175144
spherical_6_2	7		rbf	kmeans	0.8883272669082471
shapes	7		rbf	kmeans	0.8696219251344075
2dnormals	7		rbf	kmeans	0.3466352719038853
dpc	7		rbf	kmeans	0.8107369089387987
twodiamonds	7		rbf	kmeans	0.4379343906869794
ds2c2sc13	7		rbf	kmeans	0.688793152822795
donut3	7		rbf	kmeans	0.7372525294501958
simplex	7		rbf	kmeans	0.8164232159754835
2d-20c-no0	7		rbf	kmeans	0.7383580686374971
disk-5000n	7		rbf	kmeans	0.3690608346552528
DS-577	7		rbf	kmeans	0.7205886844051081
zoo	7		rbf	kmeans	0.7983069528257452
square3	7		rbf	kmeans	0.6625685837093414
sonar	7		rbf	kmeans	0.05747486856017799
donut1	7		rbf	kmeans	0.6306478001275544
disk-4600n	7		rbf	kmeans	0.01868618815428869
sizes5	7		rbf	kmeans	0.7570145523110472
thy	7		rbf	kmeans	0.042225870821122787
cure-t1-2000n-2D	7		rbf	kmeans	0.8190957698409743
blobs	7		rbf	kmeans	0.5975913304074607
dense-disk-5000	7		rbf	kmeans	0.3852491357610477
heart-statlog	7		rbf	kmeans	0.01642122672234839
dense-disk-3000	7		rbf	kmeans	0.24438432525304074
ds3c3sc6	7		rbf	kmeans	0.5385528726462138
donut2	7		rbf	kmeans	0.019924880552844217
dartboard1	7		rbf	kmeans	0.46593600575456207
smile1	7		rbf	kmeans	0.7753514096677426
2d-10c	7		rbf	kmeans	0.7247305372627637
impossible	7		rbf	kmeans	0.7291947523952443
aml28	7		rbf	kmeans	0.1968858200407725
zelnik2	7		rbf	kmeans	0.5838891816706826
banana	7		rbf	kmeans	0.41878851439496523
compound	7		rbf	kmeans	0.7939610384898268
zelnik6	7		rbf	kmeans	0.6492148192326629
sizes3	7		rbf	kmeans	0.8936554424772966
spiral	7		rbf	kmeans	0.09277670621932348
sizes2	7		rbf	kmeans	0.8650545120230132
iris	7		rbf	kmeans	0.64317629599646
hypercube	7		rbf	kmeans	0.956521739130435
engytime	7		rbf	kmeans	0.25040604729749594
circle	7		rbf	kmeans	0.28969455275274
longsquare	7		rbf	kmeans	0.9876158648995562
zelnik1	7		rbf	kmeans	0.572151982618093
iono	7		rbf	kmeans	0.25469408775997404
square5	7		rbf	kmeans	0.5173399156545415
curves1	7		rbf	kmeans	0.5629484259565919
3-spiral	7		rbf	kmeans	0.7354458038242929
DS-850	7		rbf	kmeans	0.8753501445038581
rings	7		rbf	kmeans	0.6573106246007195
cure-t2-4k	7		rbf	kmeans	0.7172532932168938
2d-4c-no4	7		rbf	kmeans	0.6362917087750146
disk-1000n	7		rbf	kmeans	0.33371574736024295
complex9	7		rbf	kmeans	0.004408818488834501
ecoli	7		rbf	kmeans	0.6663723235876228
target	7		rbf	kmeans	0.4884765934356954
3MC	7		rbf	kmeans	0.7303844148682713
xor	7		rbf	kmeans	0.5191135242435861
xclara	7		rbf	kmeans	0.004215871374986479
cure-t0-2000n-2D	7		rbf	kmeans	0.510829272412019
spherical_5_2	7		rbf	kmeans	0.8032587061602388
ds577	7		rbf	kmeans	0.7197413860261769
elliptical_10_2	7		rbf	kmeans	0.8869592179451457
wingnut	7		rbf	kmeans	0.2566997575610712
triangle2	7		rbf	kmeans	0.6855370650140363
smile2	7		rbf	kmeans	0.6752720110502192
disk-4000n	7		rbf	kmeans	0.409960298567371
jain	7		rbf	kmeans	0.5117523029500243
2d-4c	7		rbf	kmeans	0.8334141120053963
long1	7		rbf	kmeans	0.5843116566646805
sizes4	7		rbf	kmeans	0.8310936628014153
curves2	7		rbf	kmeans	0.6604547004870994
square4	7		rbf	kmeans	0.6141187514114657
chainlink	7		rbf	kmeans	0.39236509916292933
ds4c2sc8	7		rbf	kmeans	0.6646362191161402
spiralsquare	7		rbf	kmeans	0.6511388325302971
gaussians1	7		rbf	kmeans	0.629898181008571
smile3	7		rbf	kmeans	0.503430329915295
dpb	7		rbf	kmeans	0.7764069128098546
complex8	7		rbf	kmeans	0.001283554058217548
haberman	7		rbf	kmeans	0.014530996406328649
pmf	7		rbf	kmeans	0.014162889079018397
atom	7		rbf	kmeans	0.018218352597820068
zelnik5	7		rbf	kmeans	0.7601477683897797
long2	7		rbf	kmeans	0.6540617559965419
2d-4c-no9	7		rbf	kmeans	0.8271605210373084
cassini	7		rbf	kmeans	0.6136665951061335
hepta	7		rbf	kmeans	1.0
triangle1	7		rbf	kmeans	0.5014598522552451
tae	7		rbf	kmeans	0.043504167205790714
balance-scale	7		rbf	kmeans	0.17325201380313315
twenty	7		rbf	kmeans	0.751903227475918
threenorm	7		rbf	kmeans	0.2848364876350556
square2	7		rbf	kmeans	0.7901831140058786
flame	7		rbf	kmeans	0.4001958667558812
disk-3000n	7		rbf	kmeans	0.38069768568472906
d31	7		rbf	kmeans	0.6611194096195645
aggregation	7		rbf	kmeans	0.9851370251428081
zelnik4	7		rbf	kmeans	0.8769969209979223
2sp2glob	7		rbf	kmeans	0.6565976516802647
glass	7		rbf	kmeans	0.19358272469317372
square1	7		rbf	kmeans	0.8205627200318405
2d-3c-no123	7		rbf	kmeans	0.6148014043353732
disk-4500n	7		rbf	kmeans	0.4196197395083271
sizes1	7		rbf	kmeans	0.845103259303505
long3	7		rbf	kmeans	0.43958230008606497
cuboids	7		rbf	kmeans	0.7619898139951597
donutcurves	7		rbf	kmeans	0.5386399714506359
st900	7		rbf	kmeans	0.7696979787368712
tetra	7		rbf	kmeans	0.6619893061570233
zelnik3	8		rbf	kmeans	0.672489398737219
spherical_4_3	8		rbf	kmeans	0.8401411245403924
fourty	8		rbf	kmeans	0.6801636292303005
lsun	8		rbf	kmeans	0.6751797084568593
diamond9	8		rbf	kmeans	0.9432563300027194
ds850	8		rbf	kmeans	0.8765754771330013
elly-2d10c13s	8		rbf	kmeans	0.4402938011498997
pathbased	8		rbf	kmeans	0.7535702104110489
R15	8		rbf	kmeans	0.7425078304557066
spherical_6_2	8		rbf	kmeans	0.9398577466815461
shapes	8		rbf	kmeans	0.8303022575813926
2dnormals	8		rbf	kmeans	0.33741401231440216
dpc	8		rbf	kmeans	0.8008710073545228
twodiamonds	8		rbf	kmeans	0.507927655302247
ds2c2sc13	8		rbf	kmeans	0.6878291949930858
donut3	8		rbf	kmeans	0.735334547050537
simplex	8		rbf	kmeans	0.743595405495973
2d-20c-no0	8		rbf	kmeans	0.7738339012636014
disk-5000n	8		rbf	kmeans	0.3492698816336009
DS-577	8		rbf	kmeans	0.6823153088362197
zoo	8		rbf	kmeans	0.8201553619253961
square3	8		rbf	kmeans	0.6727920337331962
sonar	8		rbf	kmeans	0.09473818795775708
donut1	8		rbf	kmeans	0.6285856147528234
disk-4600n	8		rbf	kmeans	0.14642691691055396
sizes5	8		rbf	kmeans	0.8078216722313168
thy	8		rbf	kmeans	0.042225870821122787
cure-t1-2000n-2D	8		rbf	kmeans	0.7570168885486137
blobs	8		rbf	kmeans	0.5928023923614316
dense-disk-5000	8		rbf	kmeans	0.3747946166050315
heart-statlog	8		rbf	kmeans	0.021563275543834123
dense-disk-3000	8		rbf	kmeans	0.24884431917159283
ds3c3sc6	8		rbf	kmeans	0.5491816576078279
donut2	8		rbf	kmeans	0.020647480117868273
dartboard1	8		rbf	kmeans	0.45418011212472825
smile1	8		rbf	kmeans	0.785269591817435
2d-10c	8		rbf	kmeans	0.5208590604908612
impossible	8		rbf	kmeans	0.7193129526264925
aml28	8		rbf	kmeans	0.594471671983071
zelnik2	8		rbf	kmeans	0.6205127891469138
banana	8		rbf	kmeans	0.40047570600894794
compound	8		rbf	kmeans	0.6304078220216713
zelnik6	8		rbf	kmeans	0.642791961826114
sizes3	8		rbf	kmeans	0.8709025740195081
spiral	8		rbf	kmeans	0.13875216213498748
sizes2	8		rbf	kmeans	0.8468853900760623
iris	8		rbf	kmeans	0.669040067644084
hypercube	8		rbf	kmeans	1.0
engytime	8		rbf	kmeans	0.24644091136928414
circle	8		rbf	kmeans	0.2110740122450679
longsquare	8		rbf	kmeans	0.9570446148820388
zelnik1	8		rbf	kmeans	0.5701685228841175
iono	8		rbf	kmeans	0.25224272062414815
square5	8		rbf	kmeans	0.49207476202318395
curves1	8		rbf	kmeans	0.5613755496449079
3-spiral	8		rbf	kmeans	0.7029050636091401
DS-850	8		rbf	kmeans	0.8765754771330013
rings	8		rbf	kmeans	0.4612203787801164
cure-t2-4k	8		rbf	kmeans	0.7632573181785627
2d-4c-no4	8		rbf	kmeans	0.6297581734399412
disk-1000n	8		rbf	kmeans	0.3167871164341256
complex9	8		rbf	kmeans	0.005339297736625843
ecoli	8		rbf	kmeans	0.5582926086958805
target	8		rbf	kmeans	0.7519778318174404
3MC	8		rbf	kmeans	0.7060870185215082
xor	8		rbf	kmeans	0.4368299937231097
xclara	8		rbf	kmeans	0.004931161523289781
cure-t0-2000n-2D	8		rbf	kmeans	0.4805297284433388
spherical_5_2	8		rbf	kmeans	0.7362804772636465
ds577	8		rbf	kmeans	0.6814460666667566
elliptical_10_2	8		rbf	kmeans	0.9373209709546731
wingnut	8		rbf	kmeans	0.4175096618898753
triangle2	8		rbf	kmeans	0.8270155702924592
smile2	8		rbf	kmeans	0.7329977597398364
disk-4000n	8		rbf	kmeans	0.39223919266490154
jain	8		rbf	kmeans	0.5003492450565762
2d-4c	8		rbf	kmeans	0.6702238658933586
long1	8		rbf	kmeans	0.6072750936161001
sizes4	8		rbf	kmeans	0.8405274419420826
curves2	8		rbf	kmeans	0.6584096911203302
square4	8		rbf	kmeans	0.5385868471725451
chainlink	8		rbf	kmeans	0.4340800640041765
ds4c2sc8	8		rbf	kmeans	0.6634162695365182
spiralsquare	8		rbf	kmeans	0.6252107115590612
gaussians1	8		rbf	kmeans	0.6178900878893833
smile3	8		rbf	kmeans	0.5955346446134011
dpb	8		rbf	kmeans	0.7852436534854892
complex8	8		rbf	kmeans	0.001283554058217548
haberman	8		rbf	kmeans	0.01722150470744471
pmf	8		rbf	kmeans	0.014162889079018397
atom	8		rbf	kmeans	0.01817725707893667
zelnik5	8		rbf	kmeans	0.758393517774248
long2	8		rbf	kmeans	0.6360944183238397
2d-4c-no9	8		rbf	kmeans	0.6922260410758466
cassini	8		rbf	kmeans	0.5253333534074521
hepta	8		rbf	kmeans	0.9754130133958171
triangle1	8		rbf	kmeans	0.2966626833868598
tae	8		rbf	kmeans	0.06695789964846746
balance-scale	8		rbf	kmeans	0.17807292328497443
twenty	8		rbf	kmeans	0.7941666965794866
threenorm	8		rbf	kmeans	0.2806407140101946
square2	8		rbf	kmeans	0.7159071336798691
flame	8		rbf	kmeans	0.45952737643780384
disk-3000n	8		rbf	kmeans	0.3750655782124535
d31	8		rbf	kmeans	0.690658082183958
aggregation	8		rbf	kmeans	0.9436154243379824
zelnik4	8		rbf	kmeans	0.8741438844254753
2sp2glob	8		rbf	kmeans	0.6420189567107223
glass	8		rbf	kmeans	0.20138182014291367
square1	8		rbf	kmeans	0.7818799093432023
2d-3c-no123	8		rbf	kmeans	0.6186520591868645
disk-4500n	8		rbf	kmeans	0.4216400982560915
sizes1	8		rbf	kmeans	0.743617343442597
long3	8		rbf	kmeans	0.4699483309634817
cuboids	8		rbf	kmeans	0.7697028152032986
donutcurves	8		rbf	kmeans	0.536853241070575
st900	8		rbf	kmeans	0.8141104598146502
tetra	8		rbf	kmeans	0.6230520959940651
zelnik3	9		rbf	kmeans	0.7008759284778205
spherical_4_3	9		rbf	kmeans	0.7981108450405852
fourty	9		rbf	kmeans	0.7061945676974505
lsun	9		rbf	kmeans	0.6552193010417491
diamond9	9		rbf	kmeans	0.9979338642306477
ds850	9		rbf	kmeans	0.8594806732924948
elly-2d10c13s	9		rbf	kmeans	0.44676661518284877
pathbased	9		rbf	kmeans	0.7378282795948966
R15	9		rbf	kmeans	0.830715258842082
spherical_6_2	9		rbf	kmeans	0.9135096117615602
shapes	9		rbf	kmeans	0.8055176154936414
2dnormals	9		rbf	kmeans	0.3081033298672632
dpc	9		rbf	kmeans	0.7994896015755915
twodiamonds	9		rbf	kmeans	0.49410151001115504
ds2c2sc13	9		rbf	kmeans	0.6871381948676346
donut3	9		rbf	kmeans	0.7444057445253437
simplex	9		rbf	kmeans	0.756972195460768
2d-20c-no0	9		rbf	kmeans	0.8266932614740006
disk-5000n	9		rbf	kmeans	0.3280436268096023
DS-577	9		rbf	kmeans	0.6966292523361588
zoo	9		rbf	kmeans	0.8472841187521628
square3	9		rbf	kmeans	0.6459803756472982
sonar	9		rbf	kmeans	0.08131564201992324
donut1	9		rbf	kmeans	0.6265374405017436
disk-4600n	9		rbf	kmeans	0.13974338630901637
sizes5	9		rbf	kmeans	0.8517229519808636
thy	9		rbf	kmeans	0.042225870821122787
cure-t1-2000n-2D	9		rbf	kmeans	0.7057417647676594
blobs	9		rbf	kmeans	0.6191018643530178
dense-disk-5000	9		rbf	kmeans	0.31186848480048185
heart-statlog	9		rbf	kmeans	0.021563275543834123
dense-disk-3000	9		rbf	kmeans	0.2709298164796506
ds3c3sc6	9		rbf	kmeans	0.5030692166762172
donut2	9		rbf	kmeans	0.021010515467644073
dartboard1	9		rbf	kmeans	0.4078955675982433
smile1	9		rbf	kmeans	0.8364060589073772
2d-10c	9		rbf	kmeans	0.500454123492725
impossible	9		rbf	kmeans	0.6904447975255871
aml28	9		rbf	kmeans	0.5261203773331311
zelnik2	9		rbf	kmeans	0.621790902221422
banana	9		rbf	kmeans	0.4836261362997246
compound	9		rbf	kmeans	0.6237884873678208
zelnik6	9		rbf	kmeans	0.6363106769318039
sizes3	9		rbf	kmeans	0.8676662743619278
spiral	9		rbf	kmeans	0.12054723598090321
sizes2	9		rbf	kmeans	0.8388062650447109
iris	9		rbf	kmeans	0.6428946341635174
hypercube	9		rbf	kmeans	0.980739037424445
engytime	9		rbf	kmeans	0.23351982230690593
circle	9		rbf	kmeans	0.23238425503439203
longsquare	9		rbf	kmeans	0.9556837788528213
zelnik1	9		rbf	kmeans	0.5685560215390448
iono	9		rbf	kmeans	0.25001166937834995
square5	9		rbf	kmeans	0.49249840273438134
curves1	9		rbf	kmeans	0.5599233018951347
3-spiral	9		rbf	kmeans	0.6761297999513428
DS-850	9		rbf	kmeans	0.8593322391418504
rings	9		rbf	kmeans	0.42155176075254375
cure-t2-4k	9		rbf	kmeans	0.7031989051483054
2d-4c-no4	9		rbf	kmeans	0.5937639030279691
disk-1000n	9		rbf	kmeans	0.253831997826356
complex9	9		rbf	kmeans	0.006847562272704295
ecoli	9		rbf	kmeans	0.5605675897498595
target	9		rbf	kmeans	0.6927555488787528
3MC	9		rbf	kmeans	0.6713487315731392
xor	9		rbf	kmeans	0.4142655838918602
xclara	9		rbf	kmeans	0.004931161523289781
cure-t0-2000n-2D	9		rbf	kmeans	0.46088490526420745
dartboard2	9		rbf	kmeans	0.06898387426408391
spherical_5_2	9		rbf	kmeans	0.7448765289559837
ds577	9		rbf	kmeans	0.6966292523361589
elliptical_10_2	9		rbf	kmeans	0.9554950414454798
wingnut	9		rbf	kmeans	0.40034612139834225
triangle2	9		rbf	kmeans	0.7749757815489133
smile2	9		rbf	kmeans	0.7909022593943746
disk-4000n	9		rbf	kmeans	0.37333510712508705
jain	9		rbf	kmeans	0.49453111942229605
2d-4c	9		rbf	kmeans	0.6411370150824397
long1	9		rbf	kmeans	0.5734879431513504
sizes4	9		rbf	kmeans	0.8344865102010589
curves2	9		rbf	kmeans	0.6563785549700193
square4	9		rbf	kmeans	0.5445158367722871
chainlink	9		rbf	kmeans	0.3766126790716868
ds4c2sc8	9		rbf	kmeans	0.662449899901867
spiralsquare	9		rbf	kmeans	0.5969368768593192
gaussians1	9		rbf	kmeans	0.5730863462131197
smile3	9		rbf	kmeans	0.6436537741856319
dpb	9		rbf	kmeans	0.7325134501925418
complex8	9		rbf	kmeans	0.001283554058217548
haberman	9		rbf	kmeans	0.01722150470744471
pmf	9		rbf	kmeans	0.014162889079018397
atom	9		rbf	kmeans	0.02021568884445559
zelnik5	9		rbf	kmeans	0.756769167025006
long2	9		rbf	kmeans	0.6454379048277809
2d-4c-no9	9		rbf	kmeans	0.6646035454572234
cassini	9		rbf	kmeans	0.49687831880187733
hepta	9		rbf	kmeans	0.9531936993075446
triangle1	9		rbf	kmeans	0.4817271237499464
tae	9		rbf	kmeans	0.06695789964846746
balance-scale	9		rbf	kmeans	0.16116192828928066
twenty	9		rbf	kmeans	0.8208565474205003
threenorm	9		rbf	kmeans	0.24367343231625918
square2	9		rbf	kmeans	0.7284955358259531
flame	9		rbf	kmeans	0.43907273840865224
disk-3000n	9		rbf	kmeans	0.29972839282598746
d31	9		rbf	kmeans	0.736623760632513
aggregation	9		rbf	kmeans	0.887184608298331
zelnik4	9		rbf	kmeans	0.8736168751567917
2sp2glob	9		rbf	kmeans	0.6589238232277417
glass	9		rbf	kmeans	0.20517902580040742
square1	9		rbf	kmeans	0.7546281901665097
2d-3c-no123	9		rbf	kmeans	0.588482333941049
disk-4500n	9		rbf	kmeans	0.3203151717783582
sizes1	9		rbf	kmeans	0.8182747543239856
long3	9		rbf	kmeans	0.4960816598987565
cuboids	9		rbf	kmeans	0.7545216096475349
donutcurves	9		rbf	kmeans	0.5380167706007359
st900	9		rbf	kmeans	0.8462782194058354
tetra	9		rbf	kmeans	0.6257603566971831
